"Date","Route","Attempted","Succeeded","Success Percentage","Temperature AVG","Relative Humidity AVG","Wind Speed Daily AVG","Wind Direction AVG","Solare Radiation AVG","SuccessGroup","Day","DayNum"
2014-09-23,"Disappointment Cleaver",11,0,0,32.85733333,100,65.11066667,254.2733333,16.5938,"Below 50%","Tue",2
2014-09-24,"Disappointment Cleaver",12,0,0,29.70291667,100,45.915,278.0541667,37.87370833,"Below 50%","Wed",3
2014-09-25,"Disappointment Cleaver",14,8,0.571428571428571,26.82375,99.85416667,3.166208333,278.6041667,142.6989167,"Above 50%","Thu",4
2014-09-26,"Disappointment Cleaver",41,19,0.463414634146341,28.23833333,100,0.897625,259.6458333,114.4008333,"Below 50%","Fri",5
2014-09-27,"Disappointment Cleaver",44,25,0.568181818181818,33.31875,60.20041667,7.140916667,116.2945833,227.597125,"Above 50%","Sat",6
2014-09-27,"glacier only - no summit attempt",11,11,1,33.31875,60.20041667,7.140916667,116.2945833,227.597125,"Above 50%","Sat",6
2014-09-28,"Disappointment Cleaver",23,6,0.260869565217391,43.03291667,12.3635,4.85875,193.0470833,226.7194583,"Below 50%","Sun",7
2014-09-29,"Disappointment Cleaver",2,0,0,35.29625,47.83875,12.22416667,251.7155,161.2810833,"Below 50%","Mon",1
2014-10-04,"Disappointment Cleaver",1,1,1,42.99875,59.25791667,9.26775,171.1059583,125.3420833,"Above 50%","Sat",6
2014-10-04,"Kautz Glacier",2,0,0,42.99875,59.25791667,9.26775,171.1059583,125.3420833,"Below 50%","Sat",6
2014-10-06,"Disappointment Cleaver",1,0,0,45.065,52.67708333,2.452583333,165.3111667,195.5275,"Below 50%","Mon",1
2014-11-09,"Nisqually Glacier",2,0,0,21.96875,89.15416667,24.14166667,245.4,78.41325,"Below 50%","Sun",7
2014-12-13,"Gibralter Ledges",3,0,0,8.911,93.5125,0,244.9541667,42.76745833,"Below 50%","Sat",6
2015-01-23,"Disappointment Cleaver",2,0,0,28.25125,92.37875,20.88708333,264.9333333,0,"Below 50%","Fri",5
2015-01-24,"Gibralter Ledges",4,0,0,35.25083333,59.77291667,18.04845833,271.5916667,3.09375,"Below 50%","Sat",6
2015-01-24,"Ingraham Direct",4,0,0,35.25083333,59.77291667,18.04845833,271.5916667,3.09375,"Below 50%","Sat",6
2015-01-25,"Gibralter Ledges",2,0,0,37.7425,45.37166667,41.44083333,274.6958333,0,"Below 50%","Sun",7
2015-01-28,"Gibralter Ledges",2,2,1,23.08625,22.53516667,9.464208333,207.6674583,0,"Above 50%","Wed",3
2015-01-29,"Fuhrer's Finger",3,0,0,24.57416667,75.43125,7.395958333,266.0908333,0,"Below 50%","Thu",4
2015-01-29,"Gibralter Ledges",14,6,0.428571428571429,24.57416667,75.43125,7.395958333,266.0908333,0,"Below 50%","Thu",4
2015-01-30,"Gibralter Ledges",3,0,0,27.86,23.49420833,4.405791667,232.66575,0,"Below 50%","Fri",5
2015-01-30,"Ingraham Direct",5,2,0.4,27.86,23.49420833,4.405791667,232.66575,0,"Below 50%","Fri",5
2015-01-31,"Gibralter Ledges",3,0,0,28.02,27.65333333,10.29258333,212.0725417,0,"Below 50%","Sat",6
2015-02-13,"Fuhrer's Finger",2,0,0,32.82541667,40.39291667,24.52683333,268.05,0.033083333,"Below 50%","Fri",5
2015-02-14,"Gibralter Ledges",7,0,0,25.71791667,25.54841667,12.4985,246.7392083,0.144166667,"Below 50%","Sat",6
2015-02-14,"Ingraham Direct",8,0,0,25.71791667,25.54841667,12.4985,246.7392083,0.144166667,"Below 50%","Sat",6
2015-02-14,"Little Tahoma",2,0,0,25.71791667,25.54841667,12.4985,246.7392083,0.144166667,"Below 50%","Sat",6
2015-02-15,"Gibralter Ledges",4,0,0,29.96458333,14.36895833,8.729708333,144.03375,2.338375,"Below 50%","Sun",7
2015-02-20,"Gibralter Ledges",8,0,0,19.60166667,26.91291667,13.95104167,140.93625,0,"Below 50%","Fri",5
2015-02-21,"Fuhrer's Finger",2,0,0,11.92791667,47.75208333,17.233,100.5295833,0,"Below 50%","Sat",6
2015-02-21,"Gibralter Ledges",2,0,0,11.92791667,47.75208333,17.233,100.5295833,0,"Below 50%","Sat",6
2015-02-21,"Unknown",3,0,0,11.92791667,47.75208333,17.233,100.5295833,0,"Below 50%","Sat",6
2015-02-22,"Gibralter Ledges",9,3,0.333333333333333,21.1575,18.091,18.71625,115.9583333,0,"Below 50%","Sun",7
2015-02-22,"Ingraham Direct",6,0,0,21.1575,18.091,18.71625,115.9583333,0,"Below 50%","Sun",7
2015-02-27,"Gibralter Ledges",3,0,0,12.06366667,95.17916667,15.758875,253.9966667,0,"Below 50%","Fri",5
2015-03-05,"Disappointment Cleaver",2,0,0,29.34916667,26.28670833,4.898791667,181.6716667,10.899125,"Below 50%","Thu",4
2015-03-05,"Fuhrer's Finger",7,4,0.571428571428571,29.34916667,26.28670833,4.898791667,181.6716667,10.899125,"Above 50%","Thu",4
2015-03-06,"Gibralter Ledges",3,0,0,30.76583333,29.75333333,12.09995833,266.51375,0,"Below 50%","Fri",5
2015-03-06,"Ingraham Direct",2,0,0,30.76583333,29.75333333,12.09995833,266.51375,0,"Below 50%","Fri",5
2015-03-07,"Disappointment Cleaver",2,0,0,31.91166667,18.28416667,6.339541667,138.339375,26.78758333,"Below 50%","Sat",6
2015-03-07,"Ingraham Direct",10,0,0,31.91166667,18.28416667,6.339541667,138.339375,26.78758333,"Below 50%","Sat",6
2015-03-08,"Little Tahoma",2,2,1,33.745,14.99333333,10.19525,17.02958333,17.644375,"Above 50%","Sun",7
2015-03-09,"Disappointment Cleaver",14,0,0,33.02833333,26.12733333,12.34270833,16.41208333,10.20933333,"Below 50%","Mon",1
2015-03-14,"Ingraham Direct",3,0,0,24.08583333,99.84166667,51.35583333,271.8583333,0,"Below 50%","Sat",6
2015-03-15,"Disappointment Cleaver",2,0,0,20.37458333,98.55,36.7425,277.775,0,"Below 50%","Sun",7
2015-03-15,"Ingraham Direct",12,0,0,20.37458333,98.55,36.7425,277.775,0,"Below 50%","Sun",7
2015-03-19,"Disappointment Cleaver",2,0,0,27.38791667,55.47,32.96583333,273.825,0,"Below 50%","Thu",4
2015-03-22,"Ingraham Direct",10,0,0,15.28416667,83.18833333,26.54208333,203.2833333,0,"Below 50%","Sun",7
2015-03-23,"Disappointment Cleaver",16,0,0,10.855,90.76958333,17.00741667,203.1833333,0,"Below 50%","Mon",1
2015-03-25,"Gibralter Ledges",2,0,0,27.63916667,83.63458333,23.18458333,244.5153333,0,"Below 50%","Wed",3
2015-03-27,"Disappointment Cleaver",5,0,0,29.22708333,53.87708333,57.425,271.7916667,0,"Below 50%","Fri",5
2015-04-05,"glacier only - no summit attempt",18,0,0,8.220708333,81.88125,5.499958333,174.5271667,0.397291667,"Below 50%","Sun",7
2015-04-11,"Ingraham Direct",6,0,0,6.834833333,85.88208333,46.41875,236.45,0,"Below 50%","Sat",6
2015-04-13,"Disappointment Cleaver",15,0,0,14.16520833,65.17416667,53.663875,262.6145833,0,"Below 50%","Mon",1
2015-04-17,"Disappointment Cleaver",4,0,0,30.61708333,43.83416667,7.124291667,204.249,26.34841667,"Below 50%","Fri",5
2015-04-17,"Kautz Glacier",4,0,0,30.61708333,43.83416667,7.124291667,204.249,26.34841667,"Below 50%","Fri",5
2015-04-18,"Disappointment Cleaver",9,0,0,32.19458333,18.87916667,8.654291667,214.3813333,34.68395833,"Below 50%","Sat",6
2015-04-18,"Gibralter Ledges",4,0,0,32.19458333,18.87916667,8.654291667,214.3813333,34.68395833,"Below 50%","Sat",6
2015-04-18,"Wilson Headwall",3,0,0,32.19458333,18.87916667,8.654291667,214.3813333,34.68395833,"Below 50%","Sat",6
2015-04-19,"Gibralter Ledges",2,0,0,32.94708333,31.71416667,2.474833333,228.0891667,56.40916667,"Below 50%","Sun",7
2015-04-19,"Ingraham Direct",8,0,0,32.94708333,31.71416667,2.474833333,228.0891667,56.40916667,"Below 50%","Sun",7
2015-04-20,"Fuhrers Finger",2,0,0,32.52625,49.50958333,3.446458333,265.0454167,23.46891667,"Below 50%","Mon",1
2015-04-20,"Ingraham Direct",4,0,0,32.52625,49.50958333,3.446458333,265.0454167,23.46891667,"Below 50%","Mon",1
2015-04-23,"Disappointment Cleaver",4,4,1,18.64516667,81.78208333,32.89291667,261.3666667,0,"Above 50%","Thu",4
2015-04-24,"Disappointment Cleaver",6,0,0,9.032041667,91.73125,42.71291667,224.6958333,0,"Below 50%","Fri",5
2015-04-24,"Gibralter Chute",3,0,0,9.032041667,91.73125,42.71291667,224.6958333,0,"Below 50%","Fri",5
2015-04-26,"Wilson Headwall",2,0,0,21.72125,46.13583333,6.800083333,246.0141667,14.9675,"Below 50%","Sun",7
2015-04-27,"Disappointment Cleaver",17,13,0.764705882352941,32.37291667,77.0775,15.32033333,171.8858333,13.2635,"Above 50%","Mon",1
2015-04-30,"Disappointment Cleaver",5,2,0.4,31.68375,45.21333333,14.787375,199.755875,41.20166667,"Below 50%","Thu",4
2015-05-01,"Disappointment Cleaver",12,5,0.416666666666667,30.19708333,33.99591667,31.02083333,280.3833333,0,"Below 50%","Fri",5
2015-05-01,"Fuhrers Finger",10,0,0,30.19708333,33.99591667,31.02083333,280.3833333,0,"Below 50%","Fri",5
2015-05-01,"Ingraham Direct",2,0,0,30.19708333,33.99591667,31.02083333,280.3833333,0,"Below 50%","Fri",5
2015-05-01,"Nisqually Glacier",12,0,0,30.19708333,33.99591667,31.02083333,280.3833333,0,"Below 50%","Fri",5
2015-05-02,"Disappointment Cleaver",7,0,0,30.66458333,30.90483333,6.0655,141.9570833,44.96,"Below 50%","Sat",6
2015-05-02,"Emmons-Winthrop",2,0,0,30.66458333,30.90483333,6.0655,141.9570833,44.96,"Below 50%","Sat",6
2015-05-02,"Fuhrers Finger",10,0,0,30.66458333,30.90483333,6.0655,141.9570833,44.96,"Below 50%","Sat",6
2015-05-02,"Ingraham Direct",3,0,0,30.66458333,30.90483333,6.0655,141.9570833,44.96,"Below 50%","Sat",6
2015-05-02,"Liberty RIngraham Directge",2,0,0,30.66458333,30.90483333,6.0655,141.9570833,44.96,"Below 50%","Sat",6
2015-05-02,"Little Tahoma",3,0,0,30.66458333,30.90483333,6.0655,141.9570833,44.96,"Below 50%","Sat",6
2015-05-02,"glacier only - no summit attempt",2,0,0,30.66458333,30.90483333,6.0655,141.9570833,44.96,"Below 50%","Sat",6
2015-05-04,"Disappointment Cleaver",19,0,0,24.45458333,47.96666667,42.57208333,272.9375,0,"Below 50%","Mon",1
2015-05-04,"Fuhrers Finger",2,0,0,24.45458333,47.96666667,42.57208333,272.9375,0,"Below 50%","Mon",1
2015-05-04,"Ingraham Direct",5,0,0,24.45458333,47.96666667,42.57208333,272.9375,0,"Below 50%","Mon",1
2015-05-07,"Disappointment Cleaver",3,0,0,25.24708333,19.20166667,10.208875,150.9358333,16.21041667,"Below 50%","Thu",4
2015-05-07,"Emmons-Winthrop",3,0,0,25.24708333,19.20166667,10.208875,150.9358333,16.21041667,"Below 50%","Thu",4
2015-05-07,"Fuhrers Finger",5,0,0,25.24708333,19.20166667,10.208875,150.9358333,16.21041667,"Below 50%","Thu",4
2015-05-08,"Disappointment Cleaver",3,0,0,28.24208333,52.79375,6.912,122.8074167,35.50208333,"Below 50%","Fri",5
2015-05-08,"Emmons-Winthrop",2,0,0,28.24208333,52.79375,6.912,122.8074167,35.50208333,"Below 50%","Fri",5
2015-05-08,"Fuhrers Finger",5,0,0,28.24208333,52.79375,6.912,122.8074167,35.50208333,"Below 50%","Fri",5
2015-05-08,"Gibralter Ledges",2,0,0,28.24208333,52.79375,6.912,122.8074167,35.50208333,"Below 50%","Fri",5
2015-05-08,"Liberty RIngraham Directge",2,0,0,28.24208333,52.79375,6.912,122.8074167,35.50208333,"Below 50%","Fri",5
2015-05-08,"Little Tahoma",3,0,0,28.24208333,52.79375,6.912,122.8074167,35.50208333,"Below 50%","Fri",5
2015-05-09,"Disappointment Cleaver",33,15,0.454545454545455,31.01416667,72.705,3.497208333,212.6579583,37.42945833,"Below 50%","Sat",6
2015-05-09,"Emmons-Winthrop",6,0,0,31.01416667,72.705,3.497208333,212.6579583,37.42945833,"Below 50%","Sat",6
2015-05-09,"Liberty RIngraham Directge",4,0,0,31.01416667,72.705,3.497208333,212.6579583,37.42945833,"Below 50%","Sat",6
2015-05-09,"Little Tahoma",9,0,0,31.01416667,72.705,3.497208333,212.6579583,37.42945833,"Below 50%","Sat",6
2015-05-10,"Disappointment Cleaver",2,0,0,32.15916667,63.095,3.512,201.7679167,23.93575,"Below 50%","Sun",7
2015-05-10,"Fuhrers Finger",2,0,0,32.15916667,63.095,3.512,201.7679167,23.93575,"Below 50%","Sun",7
2015-05-11,"Disappointment Cleaver",33,0,0,26.6925,77.28375,14.55358333,118.5866667,5.400625,"Below 50%","Mon",1
2015-05-12,"Disappointment Cleaver",12,0,0,24.37416667,99.37083333,12.299,79.61875,0,"Below 50%","Tue",2
2015-05-13,"Disappointment Cleaver",36,22,0.611111111111111,25.05958333,97.11666667,4.398875,98.80383333,0,"Above 50%","Wed",3
2015-05-13,"Emmons-Winthrop",4,0,0,25.05958333,97.11666667,4.398875,98.80383333,0,"Below 50%","Wed",3
2015-05-13,"Ingraham Direct",2,0,0,25.05958333,97.11666667,4.398875,98.80383333,0,"Below 50%","Wed",3
2015-05-14,"Disappointment Cleaver",26,0,0,26.23875,83.00083333,2.066375,154.61875,10.03241667,"Below 50%","Thu",4
2015-05-14,"Little Tahoma",1,0,0,26.23875,83.00083333,2.066375,154.61875,10.03241667,"Below 50%","Thu",4
2015-05-15,"Disappointment Cleaver",36,28,0.777777777777778,31.08541667,45.71958333,1.597666667,267.87125,42.54783333,"Above 50%","Fri",5
2015-05-15,"Fuhrers Finger",2,0,0,31.08541667,45.71958333,1.597666667,267.87125,42.54783333,"Below 50%","Fri",5
2015-05-16,"Disappointment Cleaver",25,19,0.76,31.28083333,55.86166667,3.632791667,148.240375,28.800125,"Above 50%","Sat",6
2015-05-17,"Disappointment Cleaver",46,22,0.478260869565217,28.76875,86.63041667,5.22225,193.9629167,4.549958333,"Below 50%","Sun",7
2015-05-17,"glacier only - no summit attempt",1,0,0,28.76875,86.63041667,5.22225,193.9629167,4.549958333,"Below 50%","Sun",7
2015-05-18,"Disappointment Cleaver",38,7,0.184210526315789,29.47333333,91.06,6.361583333,79.80166667,21.76520833,"Below 50%","Mon",1
2015-05-18,"Kautz Glacier",2,0,0,29.47333333,91.06,6.361583333,79.80166667,21.76520833,"Below 50%","Mon",1
2015-05-19,"Disappointment Cleaver",21,11,0.523809523809524,31.2,75.00458333,11.31595833,83.57208333,0.129958333,"Above 50%","Tue",2
2015-05-20,"Disappointment Cleaver",18,7,0.388888888888889,32.22541667,78.09416667,16.36125,69.58875,27.30241667,"Below 50%","Wed",3
2015-05-21,"Disappointment Cleaver",12,0,0,33.50083333,79.21708333,8.0455,68.29604167,14.27883333,"Below 50%","Thu",4
2015-05-21,"Kautz Cleaver",3,0,0,33.50083333,79.21708333,8.0455,68.29604167,14.27883333,"Below 50%","Thu",4
2015-05-22,"Disappointment Cleaver",40,12,0.3,33.09125,83.53666667,6.95925,61.31625,0.212708333,"Below 50%","Fri",5
2015-05-22,"Emmons-Winthrop",6,0,0,33.09125,83.53666667,6.95925,61.31625,0.212708333,"Below 50%","Fri",5
2015-05-22,"Fuhrers Finger",4,0,0,33.09125,83.53666667,6.95925,61.31625,0.212708333,"Below 50%","Fri",5
2015-05-22,"Kautz Glacier",3,0,0,33.09125,83.53666667,6.95925,61.31625,0.212708333,"Below 50%","Fri",5
2015-05-22,"Liberty RIngraham Directge",3,0,0,33.09125,83.53666667,6.95925,61.31625,0.212708333,"Below 50%","Fri",5
2015-05-23,"Disappointment Cleaver",61,42,0.688524590163934,35.88083333,74.25708333,7.274916667,103.8366667,25.60783333,"Above 50%","Sat",6
2015-05-23,"Emmons-Winthrop",8,0,0,35.88083333,74.25708333,7.274916667,103.8366667,25.60783333,"Below 50%","Sat",6
2015-05-23,"Fuhrers Finger",2,0,0,35.88083333,74.25708333,7.274916667,103.8366667,25.60783333,"Below 50%","Sat",6
2015-05-23,"Liberty RIngraham Directge",4,0,0,35.88083333,74.25708333,7.274916667,103.8366667,25.60783333,"Below 50%","Sat",6
2015-05-23,"Tahoma Glacier",4,0,0,35.88083333,74.25708333,7.274916667,103.8366667,25.60783333,"Below 50%","Sat",6
2015-05-23,"glacier only - no summit attempt",6,0,0,35.88083333,74.25708333,7.274916667,103.8366667,25.60783333,"Below 50%","Sat",6
2015-05-24,"Disappointment Cleaver",40,18,0.45,35.50541667,55.14625,4.602791667,163.7657083,40.73991667,"Below 50%","Sun",7
2015-05-24,"Kautz Glacier",4,4,1,35.50541667,55.14625,4.602791667,163.7657083,40.73991667,"Above 50%","Sun",7
2015-05-24,"Little Tahoma",13,0,0,35.50541667,55.14625,4.602791667,163.7657083,40.73991667,"Below 50%","Sun",7
2015-05-25,"Disappointment Cleaver",35,25,0.714285714285714,32.7775,49.44625,2.176375,217.676125,30.99041667,"Above 50%","Mon",1
2015-05-25,"Emmons-Winthrop",2,2,1,32.7775,49.44625,2.176375,217.676125,30.99041667,"Above 50%","Mon",1
2015-05-25,"Kautz Glacier",4,4,1,32.7775,49.44625,2.176375,217.676125,30.99041667,"Above 50%","Mon",1
2015-05-25,"Liberty RIngraham Directge",5,0,0,32.7775,49.44625,2.176375,217.676125,30.99041667,"Below 50%","Mon",1
2015-05-26,"Disappointment Cleaver",16,10,0.625,31.53666667,72.90083333,3.442375,229.7284167,187.9249583,"Above 50%","Tue",2
2015-05-26,"Emmons-Winthrop",3,0,0,31.53666667,72.90083333,3.442375,229.7284167,187.9249583,"Below 50%","Tue",2
2015-05-27,"Disappointment Cleaver",25,14,0.56,34.4575,73.66541667,4.211208333,194.5708333,351.7847917,"Above 50%","Wed",3
2015-05-27,"Emmons-Winthrop",4,3,0.75,34.4575,73.66541667,4.211208333,194.5708333,351.7847917,"Above 50%","Wed",3
2015-05-28,"Disappointment Cleaver",20,18,0.9,37.57708333,67.60041667,7.06175,125.3877917,337.9904167,"Above 50%","Thu",4
2015-05-28,"Emmons-Winthrop",3,0,0,37.57708333,67.60041667,7.06175,125.3877917,337.9904167,"Below 50%","Thu",4
2015-05-28,"Fuhrers Finger",3,0,0,37.57708333,67.60041667,7.06175,125.3877917,337.9904167,"Below 50%","Thu",4
2015-05-28,"Kautz Glacier",1,0,0,37.57708333,67.60041667,7.06175,125.3877917,337.9904167,"Below 50%","Thu",4
2015-05-28,"Little Tahoma",3,3,1,37.57708333,67.60041667,7.06175,125.3877917,337.9904167,"Above 50%","Thu",4
2015-05-29,"Curtis RIngraham Directge",2,0,0,36.655,71.65125,24.68633333,274.7666667,245.2959167,"Below 50%","Fri",5
2015-05-29,"Disappointment Cleaver",63,40,0.634920634920635,36.655,71.65125,24.68633333,274.7666667,245.2959167,"Above 50%","Fri",5
2015-05-29,"Fuhrers Finger",2,2,1,36.655,71.65125,24.68633333,274.7666667,245.2959167,"Above 50%","Fri",5
2015-05-29,"Kautz Glacier",2,2,1,36.655,71.65125,24.68633333,274.7666667,245.2959167,"Above 50%","Fri",5
2015-05-29,"Liberty RIngraham Directge",4,0,0,36.655,71.65125,24.68633333,274.7666667,245.2959167,"Below 50%","Fri",5
2015-05-29,"Little Tahoma",2,2,1,36.655,71.65125,24.68633333,274.7666667,245.2959167,"Above 50%","Fri",5
2015-05-29,"Ptarmigan RIngraham Directge",3,0,0,36.655,71.65125,24.68633333,274.7666667,245.2959167,"Below 50%","Fri",5
2015-05-30,"Disappointment Cleaver",121,46,0.380165289256198,40.17125,36.86833333,9.813375,247.1904167,352.442875,"Below 50%","Sat",6
2015-05-30,"Emmons-Winthrop",6,2,0.333333333333333,40.17125,36.86833333,9.813375,247.1904167,352.442875,"Below 50%","Sat",6
2015-05-30,"Gibralter Ledges",3,0,0,40.17125,36.86833333,9.813375,247.1904167,352.442875,"Below 50%","Sat",6
2015-05-30,"Ingraham Direct",5,5,1,40.17125,36.86833333,9.813375,247.1904167,352.442875,"Above 50%","Sat",6
2015-05-30,"Kautz Glacier",4,2,0.5,40.17125,36.86833333,9.813375,247.1904167,352.442875,"Above 50%","Sat",6
2015-05-30,"Liberty RIngraham Directge",2,2,1,40.17125,36.86833333,9.813375,247.1904167,352.442875,"Above 50%","Sat",6
2015-05-30,"Little Tahoma",11,0,0,40.17125,36.86833333,9.813375,247.1904167,352.442875,"Below 50%","Sat",6
2015-05-30,"glacier only - no summit attempt",3,0,0,40.17125,36.86833333,9.813375,247.1904167,352.442875,"Below 50%","Sat",6
2015-05-31,"Disappointment Cleaver",22,19,0.863636363636364,38.96666667,57.53291667,26.49375,274.8,292.17425,"Above 50%","Sun",7
2015-06-01,"Disappointment Cleaver",31,18,0.580645161290323,32.82458333,87.04375,10.558625,234.41875,144.2045,"Above 50%","Mon",1
2015-06-01,"Emmons-Winthrop",3,0,0,32.82458333,87.04375,10.558625,234.41875,144.2045,"Below 50%","Mon",1
2015-06-02,"Disappointment Cleaver",11,0,0,25.92333333,96.78333333,8.679666667,263.1208333,272.3627917,"Below 50%","Tue",2
2015-06-02,"Emmons-Winthrop",4,0,0,25.92333333,96.78333333,8.679666667,263.1208333,272.3627917,"Below 50%","Tue",2
2015-06-02,"Kautz Glacier",15,12,0.8,25.92333333,96.78333333,8.679666667,263.1208333,272.3627917,"Above 50%","Tue",2
2015-06-03,"Disappointment Cleaver",29,21,0.724137931034483,29.01333333,85.95333333,2.220333333,227.6720833,284.8479167,"Above 50%","Wed",3
2015-06-03,"Liberty RIngraham Directge",2,2,1,29.01333333,85.95333333,2.220333333,227.6720833,284.8479167,"Above 50%","Wed",3
2015-06-04,"Disappointment Cleaver",85,32,0.376470588235294,34.46166667,62.99416667,4.006708333,164.18625,363.1519583,"Below 50%","Thu",4
2015-06-04,"Emmons-Winthrop",7,7,1,34.46166667,62.99416667,4.006708333,164.18625,363.1519583,"Above 50%","Thu",4
2015-06-04,"Liberty RIngraham Directge",6,4,0.666666666666667,34.46166667,62.99416667,4.006708333,164.18625,363.1519583,"Above 50%","Thu",4
2015-06-05,"Disappointment Cleaver",82,61,0.74390243902439,38.94666667,50.58708333,5.937083333,153.6,359.3387917,"Above 50%","Fri",5
2015-06-05,"Emmons-Winthrop",25,22,0.88,38.94666667,50.58708333,5.937083333,153.6,359.3387917,"Above 50%","Fri",5
2015-06-05,"Fuhrers Finger",5,0,0,38.94666667,50.58708333,5.937083333,153.6,359.3387917,"Below 50%","Fri",5
2015-06-05,"Kautz Glacier",7,6,0.857142857142857,38.94666667,50.58708333,5.937083333,153.6,359.3387917,"Above 50%","Fri",5
2015-06-05,"Liberty RIngraham Directge",4,4,1,38.94666667,50.58708333,5.937083333,153.6,359.3387917,"Above 50%","Fri",5
2015-06-05,"Tahoma Cleaver",3,3,1,38.94666667,50.58708333,5.937083333,153.6,359.3387917,"Above 50%","Fri",5
2015-06-06,"Disappointment Cleaver",93,53,0.56989247311828,47.80666667,19.34166667,3.136458333,265.0845833,353.8687083,"Above 50%","Sat",6
2015-06-06,"Emmons-Winthrop",7,4,0.571428571428571,47.80666667,19.34166667,3.136458333,265.0845833,353.8687083,"Above 50%","Sat",6
2015-06-06,"Fuhrers Finger",2,0,0,47.80666667,19.34166667,3.136458333,265.0845833,353.8687083,"Below 50%","Sat",6
2015-06-06,"Liberty RIngraham Directge",2,2,1,47.80666667,19.34166667,3.136458333,265.0845833,353.8687083,"Above 50%","Sat",6
2015-06-06,"Little Tahoma",26,9,0.346153846153846,47.80666667,19.34166667,3.136458333,265.0845833,353.8687083,"Below 50%","Sat",6
2015-06-06,"Mowich Face",2,0,0,47.80666667,19.34166667,3.136458333,265.0845833,353.8687083,"Below 50%","Sat",6
2015-06-06,"Ptarmigan RIngraham Directge",2,2,1,47.80666667,19.34166667,3.136458333,265.0845833,353.8687083,"Above 50%","Sat",6
2015-06-06,"Success Cleaver",2,2,1,47.80666667,19.34166667,3.136458333,265.0845833,353.8687083,"Above 50%","Sat",6
2015-06-06,"glacier only - no summit attempt",9,0,0,47.80666667,19.34166667,3.136458333,265.0845833,353.8687083,"Below 50%","Sat",6
2015-06-07,"Disappointment Cleaver",47,39,0.829787234042553,53.21166667,30.91625,3.101166667,217.2288333,355.6503333,"Above 50%","Sun",7
2015-06-07,"Emmons-Winthrop",26,21,0.807692307692308,53.21166667,30.91625,3.101166667,217.2288333,355.6503333,"Above 50%","Sun",7
2015-06-07,"Kautz Cleaver",2,0,0,53.21166667,30.91625,3.101166667,217.2288333,355.6503333,"Below 50%","Sun",7
2015-06-07,"Kautz Glacier",12,4,0.333333333333333,53.21166667,30.91625,3.101166667,217.2288333,355.6503333,"Below 50%","Sun",7
2015-06-07,"Little Tahoma",2,2,1,53.21166667,30.91625,3.101166667,217.2288333,355.6503333,"Above 50%","Sun",7
2015-06-07,"glacier only - no summit attempt",2,0,0,53.21166667,30.91625,3.101166667,217.2288333,355.6503333,"Below 50%","Sun",7
2015-06-08,"Disappointment Cleaver",57,35,0.614035087719298,52.22875,28.745,13.1705,253.20625,356.6964583,"Above 50%","Mon",1
2015-06-08,"Emmons-Winthrop",2,2,1,52.22875,28.745,13.1705,253.20625,356.6964583,"Above 50%","Mon",1
2015-06-09,"Disappointment Cleaver",37,29,0.783783783783784,48.62875,20.28375,9.727375,55.14583333,362.4339167,"Above 50%","Tue",2
2015-06-09,"Emmons-Winthrop",16,8,0.5,48.62875,20.28375,9.727375,55.14583333,362.4339167,"Above 50%","Tue",2
2015-06-09,"Fuhrers Finger",3,0,0,48.62875,20.28375,9.727375,55.14583333,362.4339167,"Below 50%","Tue",2
2015-06-09,"Kautz Glacier",11,0,0,48.62875,20.28375,9.727375,55.14583333,362.4339167,"Below 50%","Tue",2
2015-06-09,"Liberty RIngraham Directge",5,2,0.4,48.62875,20.28375,9.727375,55.14583333,362.4339167,"Below 50%","Tue",2
2015-06-10,"Disappointment Cleaver",38,25,0.657894736842105,48.69,13.59708333,4.309125,22.21325,363.666625,"Above 50%","Wed",3
2015-06-10,"Emmons-Winthrop",5,0,0,48.69,13.59708333,4.309125,22.21325,363.666625,"Below 50%","Wed",3
2015-06-11,"Disappointment Cleaver",51,18,0.352941176470588,46.22875,29.61541667,19.002875,21.64041667,344.787375,"Below 50%","Thu",4
2015-06-11,"Emmons-Winthrop",15,3,0.2,46.22875,29.61541667,19.002875,21.64041667,344.787375,"Below 50%","Thu",4
2015-06-11,"Kautz Glacier",6,0,0,46.22875,29.61541667,19.002875,21.64041667,344.787375,"Below 50%","Thu",4
2015-06-11,"Little Tahoma",2,2,1,46.22875,29.61541667,19.002875,21.64041667,344.787375,"Above 50%","Thu",4
2015-06-12,"Curtis RIngraham Directge",2,2,1,39.88916667,12.741125,14.657875,33.32166667,368.0560833,"Above 50%","Fri",5
2015-06-12,"Disappointment Cleaver",70,39,0.557142857142857,39.88916667,12.741125,14.657875,33.32166667,368.0560833,"Above 50%","Fri",5
2015-06-12,"Emmons-Winthrop",58,49,0.844827586206897,39.88916667,12.741125,14.657875,33.32166667,368.0560833,"Above 50%","Fri",5
2015-06-12,"Fuhrers Finger",2,2,1,39.88916667,12.741125,14.657875,33.32166667,368.0560833,"Above 50%","Fri",5
2015-06-12,"Kautz Glacier",2,0,0,39.88916667,12.741125,14.657875,33.32166667,368.0560833,"Below 50%","Fri",5
2015-06-12,"Liberty RIngraham Directge",2,2,1,39.88916667,12.741125,14.657875,33.32166667,368.0560833,"Above 50%","Fri",5
2015-06-12,"Little Tahoma",3,3,1,39.88916667,12.741125,14.657875,33.32166667,368.0560833,"Above 50%","Fri",5
2015-06-12,"Ptarmigan RIngraham Directge",2,2,1,39.88916667,12.741125,14.657875,33.32166667,368.0560833,"Above 50%","Fri",5
2015-06-13,"Disappointment Cleaver",75,62,0.826666666666667,31.21583333,45.76625,1.786333333,29.30041667,364.5174167,"Above 50%","Sat",6
2015-06-13,"Emmons-Winthrop",46,33,0.717391304347826,31.21583333,45.76625,1.786333333,29.30041667,364.5174167,"Above 50%","Sat",6
2015-06-13,"Fuhrers Finger",3,0,0,31.21583333,45.76625,1.786333333,29.30041667,364.5174167,"Below 50%","Sat",6
2015-06-13,"Kautz Glacier",1,1,1,31.21583333,45.76625,1.786333333,29.30041667,364.5174167,"Above 50%","Sat",6
2015-06-13,"Liberty RIngraham Directge",5,3,0.6,31.21583333,45.76625,1.786333333,29.30041667,364.5174167,"Above 50%","Sat",6
2015-06-14,"Disappointment Cleaver",33,24,0.727272727272727,32.69458333,70.2725,2.726,30.691,362.9375833,"Above 50%","Sun",7
2015-06-14,"Emmons-Winthrop",9,9,1,32.69458333,70.2725,2.726,30.691,362.9375833,"Above 50%","Sun",7
2015-06-14,"Fuhrers Finger",5,0,0,32.69458333,70.2725,2.726,30.691,362.9375833,"Below 50%","Sun",7
2015-06-14,"Kautz Glacier",12,12,1,32.69458333,70.2725,2.726,30.691,362.9375833,"Above 50%","Sun",7
2015-06-15,"Disappointment Cleaver",58,43,0.741379310344828,35.51375,64.3275,7.011958333,29.11708333,343.898,"Above 50%","Mon",1
2015-06-15,"Emmons-Winthrop",29,23,0.793103448275862,35.51375,64.3275,7.011958333,29.11708333,343.898,"Above 50%","Mon",1
2015-06-16,"Disappointment Cleaver",38,30,0.789473684210526,38.61666667,33.18291667,9.260916667,28.18208333,352.2211667,"Above 50%","Tue",2
2015-06-16,"Emmons-Winthrop",6,6,1,38.61666667,33.18291667,9.260916667,28.18208333,352.2211667,"Above 50%","Tue",2
2015-06-16,"Kautz Glacier",12,10,0.833333333333333,38.61666667,33.18291667,9.260916667,28.18208333,352.2211667,"Above 50%","Tue",2
2015-06-16,"Liberty RIngraham Directge",4,4,1,38.61666667,33.18291667,9.260916667,28.18208333,352.2211667,"Above 50%","Tue",2
2015-06-17,"Disappointment Cleaver",66,39,0.590909090909091,40.29708333,39.14,9.701375,19.75291667,358.0332917,"Above 50%","Wed",3
2015-06-17,"Emmons-Winthrop",7,0,0,40.29708333,39.14,9.701375,19.75291667,358.0332917,"Below 50%","Wed",3
2015-06-17,"Liberty RIngraham Directge",2,0,0,40.29708333,39.14,9.701375,19.75291667,358.0332917,"Below 50%","Wed",3
2015-06-18,"Disappointment Cleaver",72,43,0.597222222222222,33.13291667,74.27791667,29.12291667,112.52875,244.1792917,"Above 50%","Thu",4
2015-06-18,"Emmons-Winthrop",20,16,0.8,33.13291667,74.27791667,29.12291667,112.52875,244.1792917,"Above 50%","Thu",4
2015-06-18,"glacier only - no summit attempt",2,0,0,33.13291667,74.27791667,29.12291667,112.52875,244.1792917,"Below 50%","Thu",4
2015-06-19,"Disappointment Cleaver",84,49,0.583333333333333,31.90166667,65.75875,9.339041667,177.5125,329.4286667,"Above 50%","Fri",5
2015-06-19,"Emmons-Winthrop",30,24,0.8,31.90166667,65.75875,9.339041667,177.5125,329.4286667,"Above 50%","Fri",5
2015-06-19,"Little Tahoma",8,7,0.875,31.90166667,65.75875,9.339041667,177.5125,329.4286667,"Above 50%","Fri",5
2015-06-19,"Mowich Face",2,2,1,31.90166667,65.75875,9.339041667,177.5125,329.4286667,"Above 50%","Fri",5
2015-06-19,"Ptarmigan RIngraham Directge",5,3,0.6,31.90166667,65.75875,9.339041667,177.5125,329.4286667,"Above 50%","Fri",5
2015-06-19,"Sunset RIngraham Directge",2,0,0,31.90166667,65.75875,9.339041667,177.5125,329.4286667,"Below 50%","Fri",5
2015-06-19,"glacier only - no summit attempt",14,0,0,31.90166667,65.75875,9.339041667,177.5125,329.4286667,"Below 50%","Fri",5
2015-06-20,"Disappointment Cleaver",97,54,0.556701030927835,35.0875,40.37208333,2.47725,149.27625,358.7460833,"Above 50%","Sat",6
2015-06-20,"Emmons-Winthrop",35,21,0.6,35.0875,40.37208333,2.47725,149.27625,358.7460833,"Above 50%","Sat",6
2015-06-20,"Kautz Cleaver",4,2,0.5,35.0875,40.37208333,2.47725,149.27625,358.7460833,"Above 50%","Sat",6
2015-06-20,"Kautz Glacier",5,5,1,35.0875,40.37208333,2.47725,149.27625,358.7460833,"Above 50%","Sat",6
2015-06-20,"Little Tahoma",6,4,0.666666666666667,35.0875,40.37208333,2.47725,149.27625,358.7460833,"Above 50%","Sat",6
2015-06-20,"Ptarmigan RIngraham Directge",2,2,1,35.0875,40.37208333,2.47725,149.27625,358.7460833,"Above 50%","Sat",6
2015-06-21,"Disappointment Cleaver",46,26,0.565217391304348,33.59208333,49.67583333,19.79295833,273.6166667,297.3104583,"Above 50%","Sun",7
2015-06-21,"Emmons-Winthrop",19,12,0.631578947368421,33.59208333,49.67583333,19.79295833,273.6166667,297.3104583,"Above 50%","Sun",7
2015-06-21,"Ingraham Direct",4,0,0,33.59208333,49.67583333,19.79295833,273.6166667,297.3104583,"Below 50%","Sun",7
2015-06-21,"Kautz Glacier",18,3,0.166666666666667,33.59208333,49.67583333,19.79295833,273.6166667,297.3104583,"Below 50%","Sun",7
2015-06-22,"Disappointment Cleaver",73,27,0.36986301369863,31.41125,80.40458333,13.34379167,242.9666667,240.7595833,"Below 50%","Mon",1
2015-06-22,"Emmons-Winthrop",22,20,0.909090909090909,31.41125,80.40458333,13.34379167,242.9666667,240.7595833,"Above 50%","Mon",1
2015-06-22,"Kautz Glacier",18,11,0.611111111111111,31.41125,80.40458333,13.34379167,242.9666667,240.7595833,"Above 50%","Mon",1
2015-06-22,"Liberty RIngraham Directge",2,2,1,31.41125,80.40458333,13.34379167,242.9666667,240.7595833,"Above 50%","Mon",1
2015-06-22,"Little Tahoma",8,8,1,31.41125,80.40458333,13.34379167,242.9666667,240.7595833,"Above 50%","Mon",1
2015-06-23,"Disappointment Cleaver",68,68,1,38.03375,43.06458333,5.631583333,148.7572917,351.3125,"Above 50%","Tue",2
2015-06-23,"Emmons-Winthrop",24,18,0.75,38.03375,43.06458333,5.631583333,148.7572917,351.3125,"Above 50%","Tue",2
2015-06-23,"Kautz Glacier",27,23,0.851851851851852,38.03375,43.06458333,5.631583333,148.7572917,351.3125,"Above 50%","Tue",2
2015-06-24,"Disappointment Cleaver",92,64,0.695652173913043,39.39958333,69.98416667,9.057708333,216.1820833,248.0507917,"Above 50%","Wed",3
2015-06-24,"Emmons-Winthrop",12,5,0.416666666666667,39.39958333,69.98416667,9.057708333,216.1820833,248.0507917,"Below 50%","Wed",3
2015-06-24,"Little Tahoma",2,1,0.5,39.39958333,69.98416667,9.057708333,216.1820833,248.0507917,"Above 50%","Wed",3
2015-06-24,"Ptarmigan RIngraham Directge",2,0,0,39.39958333,69.98416667,9.057708333,216.1820833,248.0507917,"Below 50%","Wed",3
2015-06-24,"Tahoma Glacier",4,2,0.5,39.39958333,69.98416667,9.057708333,216.1820833,248.0507917,"Above 50%","Wed",3
2015-06-24,"glacier only - no summit attempt",2,0,0,39.39958333,69.98416667,9.057708333,216.1820833,248.0507917,"Below 50%","Wed",3
2015-06-25,"Disappointment Cleaver",81,53,0.654320987654321,49.23875,37.54708333,5.079166667,143.1625,353.6944583,"Above 50%","Thu",4
2015-06-25,"Emmons-Winthrop",49,36,0.73469387755102,49.23875,37.54708333,5.079166667,143.1625,353.6944583,"Above 50%","Thu",4
2015-06-25,"Kautz Glacier",3,3,1,49.23875,37.54708333,5.079166667,143.1625,353.6944583,"Above 50%","Thu",4
2015-06-25,"Liberty RIngraham Directge",2,2,1,49.23875,37.54708333,5.079166667,143.1625,353.6944583,"Above 50%","Thu",4
2015-06-25,"Little Tahoma",2,0,0,49.23875,37.54708333,5.079166667,143.1625,353.6944583,"Below 50%","Thu",4
2015-06-25,"glacier only - no summit attempt",2,0,0,49.23875,37.54708333,5.079166667,143.1625,353.6944583,"Below 50%","Thu",4
2015-06-26,"Disappointment Cleaver",144,62,0.430555555555556,53.75416667,35.88125,13.615125,276.0791667,353.9973333,"Below 50%","Fri",5
2015-06-26,"Emmons-Winthrop",27,17,0.62962962962963,53.75416667,35.88125,13.615125,276.0791667,353.9973333,"Above 50%","Fri",5
2015-06-26,"Kautz Cleaver",3,0,0,53.75416667,35.88125,13.615125,276.0791667,353.9973333,"Below 50%","Fri",5
2015-06-26,"Kautz Glacier",10,2,0.2,53.75416667,35.88125,13.615125,276.0791667,353.9973333,"Below 50%","Fri",5
2015-06-26,"Liberty RIngraham Directge",3,3,1,53.75416667,35.88125,13.615125,276.0791667,353.9973333,"Above 50%","Fri",5
2015-06-26,"Mowich Face",2,0,0,53.75416667,35.88125,13.615125,276.0791667,353.9973333,"Below 50%","Fri",5
2015-06-26,"Ptarmigan RIngraham Directge",3,0,0,53.75416667,35.88125,13.615125,276.0791667,353.9973333,"Below 50%","Fri",5
2015-06-26,"glacier only - no summit attempt",1,0,0,53.75416667,35.88125,13.615125,276.0791667,353.9973333,"Below 50%","Fri",5
2015-06-27,"Disappointment Cleaver",104,35,0.336538461538462,54.57583333,40.18583333,18.14608333,278.5916667,245.0115417,"Below 50%","Sat",6
2015-06-27,"Emmons-Winthrop",34,11,0.323529411764706,54.57583333,40.18583333,18.14608333,278.5916667,245.0115417,"Below 50%","Sat",6
2015-06-27,"Kautz Glacier",43,19,0.441860465116279,54.57583333,40.18583333,18.14608333,278.5916667,245.0115417,"Below 50%","Sat",6
2015-06-27,"Little Tahoma",12,0,0,54.57583333,40.18583333,18.14608333,278.5916667,245.0115417,"Below 50%","Sat",6
2015-06-28,"Disappointment Cleaver",61,21,0.344262295081967,55.05083333,49.77,8.242,243.3878333,184.279375,"Below 50%","Sun",7
2015-06-28,"Emmons-Winthrop",26,19,0.730769230769231,55.05083333,49.77,8.242,243.3878333,184.279375,"Above 50%","Sun",7
2015-06-28,"Kautz Glacier",24,12,0.5,55.05083333,49.77,8.242,243.3878333,184.279375,"Above 50%","Sun",7
2015-06-28,"Liberty RIngraham Directge",2,0,0,55.05083333,49.77,8.242,243.3878333,184.279375,"Below 50%","Sun",7
2015-06-29,"Disappointment Cleaver",94,61,0.648936170212766,48.94125,56.53375,11.08508333,229.8529167,354.126125,"Above 50%","Mon",1
2015-06-29,"Emmons-Winthrop",20,14,0.7,48.94125,56.53375,11.08508333,229.8529167,354.126125,"Above 50%","Mon",1
2015-06-29,"Kautz Glacier",7,5,0.714285714285714,48.94125,56.53375,11.08508333,229.8529167,354.126125,"Above 50%","Mon",1
2015-06-30,"Disappointment Cleaver",53,34,0.641509433962264,48.49208333,50.48333333,2.755416667,183.66875,328.7606667,"Above 50%","Tue",2
2015-06-30,"Emmons-Winthrop",16,9,0.5625,48.49208333,50.48333333,2.755416667,183.66875,328.7606667,"Above 50%","Tue",2
2015-06-30,"Kautz Glacier",12,9,0.75,48.49208333,50.48333333,2.755416667,183.66875,328.7606667,"Above 50%","Tue",2
2015-07-01,"Disappointment Cleaver",93,57,0.612903225806452,53.84916667,12.449875,4.410291667,73.58833333,361.3922083,"Above 50%","Wed",3
2015-07-01,"Emmons-Winthrop",13,2,0.153846153846154,53.84916667,12.449875,4.410291667,73.58833333,361.3922083,"Below 50%","Wed",3
2015-07-01,"Fuhrers Finger",5,5,1,53.84916667,12.449875,4.410291667,73.58833333,361.3922083,"Above 50%","Wed",3
2015-07-02,"Disappointment Cleaver",59,23,0.389830508474576,51.54416667,20.74295833,9.233416667,23.74916667,357.33275,"Below 50%","Thu",4
2015-07-02,"Emmons-Winthrop",34,22,0.647058823529412,51.54416667,20.74295833,9.233416667,23.74916667,357.33275,"Above 50%","Thu",4
2015-07-02,"Little Tahoma",2,2,1,51.54416667,20.74295833,9.233416667,23.74916667,357.33275,"Above 50%","Thu",4
2015-07-02,"Tahoma Glacier",3,2,0.666666666666667,51.54416667,20.74295833,9.233416667,23.74916667,357.33275,"Above 50%","Thu",4
2015-07-03,"Disappointment Cleaver",135,74,0.548148148148148,55.1375,20.55941667,0.753458333,90.53458333,357.3411667,"Above 50%","Fri",5
2015-07-03,"Emmons-Winthrop",51,19,0.372549019607843,55.1375,20.55941667,0.753458333,90.53458333,357.3411667,"Below 50%","Fri",5
2015-07-04,"Disappointment Cleaver",67,24,0.358208955223881,54.94875,28.75125,1.358333333,28.05416667,351.9732917,"Below 50%","Sat",6
2015-07-04,"Emmons-Winthrop",5,5,1,54.94875,28.75125,1.358333333,28.05416667,351.9732917,"Above 50%","Sat",6
2015-07-04,"Kautz Glacier",2,2,1,54.94875,28.75125,1.358333333,28.05416667,351.9732917,"Above 50%","Sat",6
2015-07-05,"Disappointment Cleaver",39,25,0.641025641025641,47.63541667,46.01083333,2.864833333,30.16916667,333.7253333,"Above 50%","Sun",7
2015-07-05,"Emmons-Winthrop",16,7,0.4375,47.63541667,46.01083333,2.864833333,30.16916667,333.7253333,"Below 50%","Sun",7
2015-07-05,"Kautz Glacier",27,18,0.666666666666667,47.63541667,46.01083333,2.864833333,30.16916667,333.7253333,"Above 50%","Sun",7
2015-07-06,"Disappointment Cleaver",87,55,0.632183908045977,45.18541667,55.22875,16.93216667,22.45291667,349.9249583,"Above 50%","Mon",1
2015-07-06,"Emmons-Winthrop",44,29,0.659090909090909,45.18541667,55.22875,16.93216667,22.45291667,349.9249583,"Above 50%","Mon",1
2015-07-07,"Disappointment Cleaver",40,29,0.725,48.91333333,47.2225,3.00025,33.93708333,344.3869583,"Above 50%","Tue",2
2015-07-07,"Emmons-Winthrop",6,6,1,48.91333333,47.2225,3.00025,33.93708333,344.3869583,"Above 50%","Tue",2
2015-07-07,"Kautz Glacier",15,15,1,48.91333333,47.2225,3.00025,33.93708333,344.3869583,"Above 50%","Tue",2
2015-07-08,"Disappointment Cleaver",57,41,0.719298245614035,47.46291667,65.34833333,5.416041667,43.80920833,284.4880417,"Above 50%","Wed",3
2015-07-08,"Emmons-Winthrop",8,8,1,47.46291667,65.34833333,5.416041667,43.80920833,284.4880417,"Above 50%","Wed",3
2015-07-09,"Disappointment Cleaver",96,63,0.65625,48.76583333,52.98708333,3.823541667,130.4939583,249.2470833,"Above 50%","Thu",4
2015-07-09,"Emmons-Winthrop",24,6,0.25,48.76583333,52.98708333,3.823541667,130.4939583,249.2470833,"Below 50%","Thu",4
2015-07-10,"Disappointment Cleaver",93,49,0.526881720430108,47.20208333,55.71291667,4.892166667,135.0912083,252.26125,"Above 50%","Fri",5
2015-07-10,"Emmons-Winthrop",34,18,0.529411764705882,47.20208333,55.71291667,4.892166667,135.0912083,252.26125,"Above 50%","Fri",5
2015-07-10,"Kautz Glacier",2,2,1,47.20208333,55.71291667,4.892166667,135.0912083,252.26125,"Above 50%","Fri",5
2015-07-10,"Little Tahoma",3,3,1,47.20208333,55.71291667,4.892166667,135.0912083,252.26125,"Above 50%","Fri",5
2015-07-11,"Disappointment Cleaver",89,32,0.359550561797753,40.66333333,69.77416667,21.65779167,273.0333333,231.4682083,"Below 50%","Sat",6
2015-07-11,"Emmons-Winthrop",16,2,0.125,40.66333333,69.77416667,21.65779167,273.0333333,231.4682083,"Below 50%","Sat",6
2015-07-11,"Kautz Cleaver",1,0,0,40.66333333,69.77416667,21.65779167,273.0333333,231.4682083,"Below 50%","Sat",6
2015-07-11,"glacier only - no summit attempt",2,0,0,40.66333333,69.77416667,21.65779167,273.0333333,231.4682083,"Below 50%","Sat",6
2015-07-12,"Disappointment Cleaver",55,37,0.672727272727273,33.37666667,90.77416667,24.12541667,268.4125,220.184875,"Above 50%","Sun",7
2015-07-12,"Emmons-Winthrop",17,13,0.764705882352941,33.37666667,90.77416667,24.12541667,268.4125,220.184875,"Above 50%","Sun",7
2015-07-12,"Kautz Glacier",18,18,1,33.37666667,90.77416667,24.12541667,268.4125,220.184875,"Above 50%","Sun",7
2015-07-13,"Disappointment Cleaver",74,56,0.756756756756757,32.21958333,92.41416667,11.55325,226.942625,252.476625,"Above 50%","Mon",1
2015-07-13,"Emmons-Winthrop",16,0,0,32.21958333,92.41416667,11.55325,226.942625,252.476625,"Below 50%","Mon",1
2015-07-13,"Kautz Glacier",6,4,0.666666666666667,32.21958333,92.41416667,11.55325,226.942625,252.476625,"Above 50%","Mon",1
2015-07-14,"Disappointment Cleaver",72,59,0.819444444444444,37.98625,47.64541667,2.382125,207.1666667,345.6050417,"Above 50%","Tue",2
2015-07-14,"Emmons-Winthrop",35,21,0.6,37.98625,47.64541667,2.382125,207.1666667,345.6050417,"Above 50%","Tue",2
2015-07-14,"Kautz Glacier",28,9,0.321428571428571,37.98625,47.64541667,2.382125,207.1666667,345.6050417,"Below 50%","Tue",2
2015-07-14,"Little Tahoma",2,0,0,37.98625,47.64541667,2.382125,207.1666667,345.6050417,"Below 50%","Tue",2
2015-07-15,"Disappointment Cleaver",60,37,0.616666666666667,39.54875,49.60458333,4.6205,212.9254167,328.7012083,"Above 50%","Wed",3
2015-07-15,"Emmons-Winthrop",4,0,0,39.54875,49.60458333,4.6205,212.9254167,328.7012083,"Below 50%","Wed",3
2015-07-15,"Liberty RIngraham Directge",2,0,0,39.54875,49.60458333,4.6205,212.9254167,328.7012083,"Below 50%","Wed",3
2015-07-16,"Disappointment Cleaver",76,30,0.394736842105263,39.01,44.30583333,5.761708333,215.8405833,314.619375,"Below 50%","Thu",4
2015-07-16,"Emmons-Winthrop",46,38,0.826086956521739,39.01,44.30583333,5.761708333,215.8405833,314.619375,"Above 50%","Thu",4
2015-07-16,"Kautz Glacier",5,0,0,39.01,44.30583333,5.761708333,215.8405833,314.619375,"Below 50%","Thu",4
2015-07-17,"Disappointment Cleaver",115,70,0.608695652173913,38.33166667,47.50333333,6.444208333,162.3308333,324.7182083,"Above 50%","Fri",5
2015-07-17,"Emmons-Winthrop",37,24,0.648648648648649,38.33166667,47.50333333,6.444208333,162.3308333,324.7182083,"Above 50%","Fri",5
2015-07-18,"Disappointment Cleaver",116,92,0.793103448275862,43.04166667,55.07208333,6.003458333,198.60375,334.0260417,"Above 50%","Sat",6
2015-07-18,"Emmons-Winthrop",17,2,0.117647058823529,43.04166667,55.07208333,6.003458333,198.60375,334.0260417,"Below 50%","Sat",6
2015-07-18,"Kautz Glacier",8,0,0,43.04166667,55.07208333,6.003458333,198.60375,334.0260417,"Below 50%","Sat",6
2015-07-19,"Disappointment Cleaver",42,21,0.5,49.7325,49.06958333,3.982291667,226.1925,328.9838333,"Above 50%","Sun",7
2015-07-19,"Emmons-Winthrop",14,0,0,49.7325,49.06958333,3.982291667,226.1925,328.9838333,"Below 50%","Sun",7
2015-07-19,"Kautz Cleaver",4,4,1,49.7325,49.06958333,3.982291667,226.1925,328.9838333,"Above 50%","Sun",7
2015-07-19,"Kautz Glacier",12,8,0.666666666666667,49.7325,49.06958333,3.982291667,226.1925,328.9838333,"Above 50%","Sun",7
2015-07-20,"Emmons-Winthrop",9,2,0.222222222222222,49.15458333,32.24525,8.580916667,189.9991667,334.19675,"Below 50%","Mon",1
2015-07-20,"Kautz Glacier",2,0,0,49.15458333,32.24525,8.580916667,189.9991667,334.19675,"Below 50%","Mon",1
2015-07-20,"Liberty RIngraham Directge",4,0,0,49.15458333,32.24525,8.580916667,189.9991667,334.19675,"Below 50%","Mon",1
2015-07-21,"Disappointment Cleaver",46,20,0.434782608695652,41.5075,23.71291667,23.71208333,163.2116667,318.05425,"Below 50%","Tue",2
2015-07-21,"Emmons-Winthrop",28,16,0.571428571428571,41.5075,23.71291667,23.71208333,163.2116667,318.05425,"Above 50%","Tue",2
2015-07-21,"Kautz Glacier",11,11,1,41.5075,23.71291667,23.71208333,163.2116667,318.05425,"Above 50%","Tue",2
2015-07-22,"Disappointment Cleaver",53,32,0.60377358490566,38.8725,37.42833333,4.659583333,19.09375,333.48675,"Above 50%","Wed",3
2015-07-22,"Kautz Glacier",2,2,1,38.8725,37.42833333,4.659583333,19.09375,333.48675,"Above 50%","Wed",3
2015-07-23,"Disappointment Cleaver",38,17,0.447368421052632,38.75666667,43.62791667,5.683125,18.71875,301.8440417,"Below 50%","Thu",4
2015-07-23,"Emmons-Winthrop",24,0,0,38.75666667,43.62791667,5.683125,18.71875,301.8440417,"Below 50%","Thu",4
2015-07-23,"Kautz Glacier",6,0,0,38.75666667,43.62791667,5.683125,18.71875,301.8440417,"Below 50%","Thu",4
2015-07-24,"Disappointment Cleaver",47,0,0,39.98208333,68.69458333,19.50670833,24.84125,309.638125,"Below 50%","Fri",5
2015-07-24,"Emmons-Winthrop",8,0,0,39.98208333,68.69458333,19.50670833,24.84125,309.638125,"Below 50%","Fri",5
2015-07-25,"Disappointment Cleaver",62,31,0.5,29.43291667,97.86916667,33.001875,211.2108333,182.8830833,"Above 50%","Sat",6
2015-07-25,"Emmons-Winthrop",22,1,0.0454545454545455,29.43291667,97.86916667,33.001875,211.2108333,182.8830833,"Below 50%","Sat",6
2015-07-26,"Disappointment Cleaver",37,16,0.432432432432432,27.265,80.21208333,5.009375,198.077125,205.9569583,"Below 50%","Sun",7
2015-07-26,"Emmons-Winthrop",15,8,0.533333333333333,27.265,80.21208333,5.009375,198.077125,205.9569583,"Above 50%","Sun",7
2015-07-26,"Kautz Glacier",37,13,0.351351351351351,27.265,80.21208333,5.009375,198.077125,205.9569583,"Below 50%","Sun",7
2015-07-26,"Little Tahoma",4,0,0,27.265,80.21208333,5.009375,198.077125,205.9569583,"Below 50%","Sun",7
2015-07-26,"Success Cleaver",5,0,0,27.265,80.21208333,5.009375,198.077125,205.9569583,"Below 50%","Sun",7
2015-07-27,"Disappointment Cleaver",23,19,0.826086956521739,33.30333333,52.5,7.444625,191.560875,278.7935833,"Above 50%","Mon",1
2015-07-27,"Kautz Glacier",3,0,0,33.30333333,52.5,7.444625,191.560875,278.7935833,"Below 50%","Mon",1
2015-07-27,"Little Tahoma",6,6,1,33.30333333,52.5,7.444625,191.560875,278.7935833,"Above 50%","Mon",1
2015-07-28,"Disappointment Cleaver",27,18,0.666666666666667,40.95583333,50.64916667,7.499333333,227.9012083,326.1535417,"Above 50%","Tue",2
2015-07-28,"Emmons-Winthrop",15,10,0.666666666666667,40.95583333,50.64916667,7.499333333,227.9012083,326.1535417,"Above 50%","Tue",2
2015-07-28,"Fuhrers Finger",2,0,0,40.95583333,50.64916667,7.499333333,227.9012083,326.1535417,"Below 50%","Tue",2
2015-07-29,"Disappointment Cleaver",6,2,0.333333333333333,46.39625,38.65208333,3.945041667,239.8408333,323.3123333,"Below 50%","Wed",3
2015-07-29,"Emmons-Winthrop",17,6,0.352941176470588,46.39625,38.65208333,3.945041667,239.8408333,323.3123333,"Below 50%","Wed",3
2015-07-30,"Disappointment Cleaver",36,29,0.805555555555556,48.88666667,27.80416667,13.75808333,270.7366667,326.9785417,"Above 50%","Thu",4
2015-07-30,"Emmons-Winthrop",2,2,1,48.88666667,27.80416667,13.75808333,270.7366667,326.9785417,"Above 50%","Thu",4
2015-07-30,"glacier only - no summit attempt",2,0,0,48.88666667,27.80416667,13.75808333,270.7366667,326.9785417,"Below 50%","Thu",4
2015-07-31,"Disappointment Cleaver",112,55,0.491071428571429,52.78625,19.12333333,14.71504167,243.7625,327.8461667,"Below 50%","Fri",5
2015-07-31,"Emmons-Winthrop",9,0,0,52.78625,19.12333333,14.71504167,243.7625,327.8461667,"Below 50%","Fri",5
2015-07-31,"Kautz Glacier",2,2,1,52.78625,19.12333333,14.71504167,243.7625,327.8461667,"Above 50%","Fri",5
2015-08-01,"Disappointment Cleaver",93,49,0.526881720430108,56.15375,16.52041667,4.563958333,25.00291667,323.836125,"Above 50%","Sat",6
2015-08-01,"Emmons-Winthrop",16,13,0.8125,56.15375,16.52041667,4.563958333,25.00291667,323.836125,"Above 50%","Sat",6
2015-08-01,"Kautz Glacier",5,0,0,56.15375,16.52041667,4.563958333,25.00291667,323.836125,"Below 50%","Sat",6
2015-08-02,"Disappointment Cleaver",79,49,0.620253164556962,52.54125,39.97458333,15.25883333,23.74833333,199.0620833,"Above 50%","Sun",7
2015-08-02,"Emmons-Winthrop",14,10,0.714285714285714,52.54125,39.97458333,15.25883333,23.74833333,199.0620833,"Above 50%","Sun",7
2015-08-02,"Kautz Glacier",15,0,0,52.54125,39.97458333,15.25883333,23.74833333,199.0620833,"Below 50%","Sun",7
2015-08-03,"Disappointment Cleaver",68,38,0.558823529411765,46.85875,49.985,16.14779167,24.4925,196.6199167,"Above 50%","Mon",1
2015-08-03,"Emmons-Winthrop",24,5,0.208333333333333,46.85875,49.985,16.14779167,24.4925,196.6199167,"Below 50%","Mon",1
2015-08-04,"Disappointment Cleaver",45,34,0.755555555555556,41.29625,39.34041667,9.768666667,26.96041667,321.4156667,"Above 50%","Tue",2
2015-08-04,"Emmons-Winthrop",14,12,0.857142857142857,41.29625,39.34041667,9.768666667,26.96041667,321.4156667,"Above 50%","Tue",2
2015-08-04,"Kautz Glacier",10,6,0.6,41.29625,39.34041667,9.768666667,26.96041667,321.4156667,"Above 50%","Tue",2
2015-08-05,"Disappointment Cleaver",66,27,0.409090909090909,37.44,38.43166667,7.56075,17.995,304.6057083,"Below 50%","Wed",3
2015-08-05,"Emmons-Winthrop",2,0,0,37.44,38.43166667,7.56075,17.995,304.6057083,"Below 50%","Wed",3
2015-08-06,"Disappointment Cleaver",95,46,0.484210526315789,40.76375,30.05708333,4.151791667,30.62458333,315.5002917,"Below 50%","Thu",4
2015-08-06,"Emmons-Winthrop",7,0,0,40.76375,30.05708333,4.151791667,30.62458333,315.5002917,"Below 50%","Thu",4
2015-08-06,"Kautz Glacier",2,2,1,40.76375,30.05708333,4.151791667,30.62458333,315.5002917,"Above 50%","Thu",4
2015-08-07,"Disappointment Cleaver",116,72,0.620689655172414,42.45083333,43.5075,4.640541667,20.59791667,308.749,"Above 50%","Fri",5
2015-08-08,"Disappointment Cleaver",51,24,0.470588235294118,37.20791667,71.93125,27.72875,202.2658333,240.0982083,"Below 50%","Sat",6
2015-08-08,"Emmons-Winthrop",1,0,0,37.20791667,71.93125,27.72875,202.2658333,240.0982083,"Below 50%","Sat",6
2015-08-09,"Disappointment Cleaver",35,25,0.714285714285714,37.08375,48.48666667,30.84,264.2958333,170.5599167,"Above 50%","Sun",7
2015-08-09,"Emmons-Winthrop",24,19,0.791666666666667,37.08375,48.48666667,30.84,264.2958333,170.5599167,"Above 50%","Sun",7
2015-08-09,"Kautz Glacier",10,0,0,37.08375,48.48666667,30.84,264.2958333,170.5599167,"Below 50%","Sun",7
2015-08-10,"Disappointment Cleaver",43,9,0.209302325581395,39.15708333,71.17625,24.91166667,260.2166667,182.5133333,"Below 50%","Mon",1
2015-08-10,"Emmons-Winthrop",12,8,0.666666666666667,39.15708333,71.17625,24.91166667,260.2166667,182.5133333,"Above 50%","Mon",1
2015-08-11,"Disappointment Cleaver",68,21,0.308823529411765,45.62583333,54.49666667,9.515125,194.9952083,181.9752917,"Below 50%","Tue",2
2015-08-11,"Emmons-Winthrop",12,0,0,45.62583333,54.49666667,9.515125,194.9952083,181.9752917,"Below 50%","Tue",2
2015-08-11,"Kautz Glacier",10,0,0,45.62583333,54.49666667,9.515125,194.9952083,181.9752917,"Below 50%","Tue",2
2015-08-12,"Disappointment Cleaver",46,22,0.478260869565217,51.37583333,46.14041667,6.673708333,171.633375,208.6705,"Below 50%","Wed",3
2015-08-12,"Emmons-Winthrop",6,2,0.333333333333333,51.37583333,46.14041667,6.673708333,171.633375,208.6705,"Below 50%","Wed",3
2015-08-12,"Kautz Glacier",3,0,0,51.37583333,46.14041667,6.673708333,171.633375,208.6705,"Below 50%","Wed",3
2015-08-13,"Disappointment Cleaver",33,18,0.545454545454545,49.99208333,30.82541667,24.7425,271.9333333,276.0485,"Above 50%","Thu",4
2015-08-14,"Disappointment Cleaver",78,16,0.205128205128205,40.04916667,77.10333333,14.9015,245.56375,170.0025833,"Below 50%","Fri",5
2015-08-15,"Disappointment Cleaver",54,35,0.648148148148148,41.62791667,19.56183333,7.595541667,228.6825,305.5728333,"Above 50%","Sat",6
2015-08-15,"Emmons-Winthrop",12,4,0.333333333333333,41.62791667,19.56183333,7.595541667,228.6825,305.5728333,"Below 50%","Sat",6
2015-08-15,"Little Tahoma",2,2,1,41.62791667,19.56183333,7.595541667,228.6825,305.5728333,"Above 50%","Sat",6
2015-08-16,"Disappointment Cleaver",41,25,0.609756097560976,41.11791667,44.51291667,1.663208333,210.48,294.587625,"Above 50%","Sun",7
2015-08-16,"Emmons-Winthrop",24,0,0,41.11791667,44.51291667,1.663208333,210.48,294.587625,"Below 50%","Sun",7
2015-08-17,"Disappointment Cleaver",59,19,0.322033898305085,46.55333333,30.25375,6.036208333,252.915,295.18425,"Below 50%","Mon",1
2015-08-17,"Emmons-Winthrop",10,9,0.9,46.55333333,30.25375,6.036208333,252.915,295.18425,"Above 50%","Mon",1
2015-08-17,"Kautz Glacier",2,2,1,46.55333333,30.25375,6.036208333,252.915,295.18425,"Above 50%","Mon",1
2015-08-18,"Disappointment Cleaver",55,28,0.509090909090909,49.47041667,39.9375,4.31375,244.5733333,290.5622917,"Above 50%","Tue",2
2015-08-18,"Emmons-Winthrop",11,0,0,49.47041667,39.9375,4.31375,244.5733333,290.5622917,"Below 50%","Tue",2
2015-08-19,"Disappointment Cleaver",28,12,0.428571428571429,51.18958333,24.26166667,2.924458333,185.8279167,291.3016667,"Below 50%","Wed",3
2015-08-19,"Emmons-Winthrop",2,0,0,51.18958333,24.26166667,2.924458333,185.8279167,291.3016667,"Below 50%","Wed",3
2015-08-19,"glacier only - no summit attempt",2,2,1,51.18958333,24.26166667,2.924458333,185.8279167,291.3016667,"Above 50%","Wed",3
2015-08-20,"Disappointment Cleaver",52,34,0.653846153846154,51.13958333,25.71416667,4.838666667,49.57458333,287.292125,"Above 50%","Thu",4
2015-08-21,"Disappointment Cleaver",59,35,0.593220338983051,43.20875,14.29633333,19.14175,19.62958333,293.7495,"Above 50%","Fri",5
2015-08-21,"Emmons-Winthrop",9,4,0.444444444444444,43.20875,14.29633333,19.14175,19.62958333,293.7495,"Below 50%","Fri",5
2015-08-21,"Kautz Glacier",4,4,1,43.20875,14.29633333,19.14175,19.62958333,293.7495,"Above 50%","Fri",5
2015-08-22,"Disappointment Cleaver",84,43,0.511904761904762,44.36916667,18.2605,4.497416667,55.20091667,281.860625,"Above 50%","Sat",6
2015-08-22,"Emmons-Winthrop",4,0,0,44.36916667,18.2605,4.497416667,55.20091667,281.860625,"Below 50%","Sat",6
2015-08-22,"Kautz Glacier",3,0,0,44.36916667,18.2605,4.497416667,55.20091667,281.860625,"Below 50%","Sat",6
2015-08-23,"Disappointment Cleaver",41,23,0.560975609756098,44.68791667,26.80133333,24.80958333,17.51666667,281.0450417,"Above 50%","Sun",7
2015-08-24,"Disappointment Cleaver",38,30,0.789473684210526,43.36666667,22.565875,22.82541667,17.94333333,236.7139583,"Above 50%","Mon",1
2015-08-25,"Disappointment Cleaver",32,13,0.40625,42.415,26.72666667,24.9475,19.63125,275.2113333,"Below 50%","Tue",2
2015-08-26,"Disappointment Cleaver",72,32,0.444444444444444,41.95083333,54.23375,35.89916667,22.13458333,234.041625,"Below 50%","Wed",3
2015-08-26,"Emmons-Winthrop",2,1,0.5,41.95083333,54.23375,35.89916667,22.13458333,234.041625,"Above 50%","Wed",3
2015-08-27,"Disappointment Cleaver",34,0,0,40.64875,66.89916667,38.68416667,21.47416667,250.302375,"Below 50%","Thu",4
2015-08-28,"Disappointment Cleaver",25,0,0,36.16208333,91.36375,64.10625,40.25666667,53.22416667,"Below 50%","Fri",5
2015-08-29,"Disappointment Cleaver",23,0,0,30.81956522,96.96086957,18.22691304,58.79304348,33.10091304,"Below 50%","Sat",6
2015-08-31,"Disappointment Cleaver",36,0,0,32.31,100,25.74,234.5,0,"Below 50%","Mon",1
2015-09-01,"Disappointment Cleaver",46,0,0,32.07875,66.61916667,33.07875,238.1875,201.7891667,"Below 50%","Tue",2
2015-09-02,"Disappointment Cleaver",32,0,0,22.40041667,91.62541667,23.27375,188.1208333,233.4845833,"Below 50%","Wed",3
2015-09-03,"Disappointment Cleaver",39,0,0,20.42208333,90.81,8.345,195.80375,214.4229167,"Below 50%","Thu",4
2015-09-04,"Disappointment Cleaver",43,0,0,21.42833333,90.97875,5.825083333,173.5691667,141.671125,"Below 50%","Fri",5
2015-09-05,"Disappointment Cleaver",51,0,0,24.97708333,74.395,4.64325,221.5945833,221.494,"Below 50%","Sat",6
2015-09-05,"Emmons-Winthrop",5,0,0,24.97708333,74.395,4.64325,221.5945833,221.494,"Below 50%","Sat",6
2015-09-06,"Disappointment Cleaver",35,0,0,28.99416667,74.715,11.76808333,213.9854167,241.9712917,"Below 50%","Sun",7
2015-09-07,"Disappointment Cleaver",47,18,0.382978723404255,35.25291667,48.96291667,3.89525,235.4966667,248.5455,"Below 50%","Mon",1
2015-09-08,"Disappointment Cleaver",2,0,0,43.75958333,40.11041667,7.346541667,200.0033333,243.2357083,"Below 50%","Tue",2
2015-09-09,"Disappointment Cleaver",16,12,0.75,47.29416667,25.0825,7.66225,208.8008333,241.2782917,"Above 50%","Wed",3
2015-09-10,"Disappointment Cleaver",14,2,0.142857142857143,53.10583333,15.78708333,2.488416667,140.1174583,243.4372917,"Below 50%","Thu",4
2015-09-11,"Disappointment Cleaver",54,10,0.185185185185185,52.30416667,18.9025,12.39225,278.9,234.3315833,"Below 50%","Fri",5
2015-09-12,"Disappointment Cleaver",43,13,0.302325581395349,51.76,27.91541667,19.81575,220.86625,238.1054167,"Below 50%","Sat",6
2015-09-13,"Disappointment Cleaver",37,0,0,42.59166667,17.42758333,14.43820833,20.535,207.5935,"Below 50%","Sun",7
2015-09-14,"Disappointment Cleaver",27,26,0.962962962962963,23.02125,60.216125,11.10675,13.96916667,90.693,"Above 50%","Mon",1
2015-09-15,"Disappointment Cleaver",9,0,0,19.81375,54.48041667,7.827708333,13.49,153.95775,"Below 50%","Tue",2
2015-09-16,"Disappointment Cleaver",12,0,0,22.08,98.65,15.922375,17.27916667,142.4772917,"Below 50%","Wed",3
2015-09-17,"Disappointment Cleaver",12,0,0,26.44208333,85.25291667,9.367166667,28.55166667,203.176375,"Below 50%","Thu",4
2015-09-18,"Disappointment Cleaver",39,0,0,34.73375,52.70166667,6.354375,30.35875,200.940625,"Below 50%","Fri",5
2015-09-19,"Disappointment Cleaver",37,0,0,40.44916667,63.53708333,7.953916667,34.0375,219.4595,"Below 50%","Sat",6
2015-09-20,"Disappointment Cleaver",38,7,0.184210526315789,37.6425,68.0775,31.28666667,40.02583333,215.1435833,"Below 50%","Sun",7
2015-09-21,"Disappointment Cleaver",33,9,0.272727272727273,37.40666667,17.20541667,13.77908333,149.3954167,221.8321667,"Below 50%","Mon",1
2015-09-22,"Disappointment Cleaver",3,0,0,34.56541667,21.985,22.35341667,247.15875,215.4495417,"Below 50%","Tue",2
2015-09-23,"Disappointment Cleaver",12,0,0,30.87583333,70.45,35.44875,263.3833333,138.2574583,"Below 50%","Wed",3
2015-09-24,"Disappointment Cleaver",21,1,0.0476190476190476,36.09958333,60.97875,51.61083333,265.4166667,180.315875,"Below 50%","Thu",4
2015-09-25,"Disappointment Cleaver",23,15,0.652173913043478,32.39041667,95.30583333,61.3875,261.0333333,12.38258333,"Above 50%","Fri",5
2015-09-26,"Disappointment Cleaver",17,3,0.176470588235294,27.32208333,59.46991667,15.73075,216.3425,183.8717083,"Below 50%","Sat",6
2015-09-27,"Disappointment Cleaver",12,6,0.5,35.105,23.76833333,4.557083333,188.2135833,201.8912083,"Above 50%","Sun",7
2015-09-28,"Disappointment Cleaver",12,4,0.333333333333333,38.33541667,27.02541667,17.11520833,270.8666667,201.8525833,"Below 50%","Mon",1
2015-09-30,"Disappointment Cleaver",2,0,0,38.72958333,57.36958333,11.30075,216.9341667,202.81275,"Below 50%","Wed",3
2015-10-02,"Disappointment Cleaver",2,0,0,36.06416667,47.017375,6.445916667,247.3183333,176.2655417,"Below 50%","Fri",5
2015-10-02,"Kautz Glacier",2,0,0,36.06416667,47.017375,6.445916667,247.3183333,176.2655417,"Below 50%","Fri",5
2015-10-03,"Disappointment Cleaver",12,0,0,31.82291667,62.33708333,13.12504167,153.9316667,196.3752083,"Below 50%","Sat",6
2015-10-09,"Disappointment Cleaver",2,0,0,38.26041667,74.32916667,65.13833333,264.6875,27.79129167,"Below 50%","Fri",5
2015-10-13,"Little Tahoma",8,0,0,40.97958333,28.33570833,19.59116667,279.7791667,176.3826667,"Below 50%","Tue",2
2015-10-15,"Disappointment Cleaver",2,0,0,46.44791667,27.21125,17.163625,259.121375,138.387,"Below 50%","Thu",4
2015-11-21,"Disappointment Cleaver",3,0,0,31.3,21.69070833,2.245833333,117.5496667,93.66041667,"Below 50%","Sat",6
2015-11-27,"Disappointment Cleaver",2,0,0,26.32166667,19.715,27.83958333,68.00416667,88.49625,"Below 50%","Fri",5
